date,credit_card_applications,control_product_applications,organic_search_index,consumer_demand_index,fed_funds_rate,eligible_customers
2019-01-01,2265,1191,66.4,102.0,2.4,119692
2019-02-01,2310,1237,68.4,101.9,2.31,125285
2019-03-01,2389,1292,70.6,104.6,2.21,123733
2019-04-01,2424,1284,76.5,105.5,2.12,127574
2019-05-01,2403,1274,78.4,105.5,2.03,128718
2019-06-01,2357,1239,81.1,104.2,1.93,125864
2019-07-01,2259,1205,81.4,99.6,1.84,124189
2019-08-01,2294,1197,77.1,98.3,1.75,123783
2019-09-01,2118,1148,70.0,96.4,1.65,118931
2019-10-01,2201,1153,69.7,98.1,1.56,119920
2019-11-01,2241,1221,69.8,97.9,1.47,122958
2019-12-01,2310,1249,67.7,100.2,1.37,123341
2020-01-01,2318,1282,65.6,103.5,1.28,125532
2020-02-01,2535,1314,73.3,105.4,1.18,129420
2020-03-01,2572,1359,75.6,108.1,1.09,131670
2020-04-01,2540,1318,76.9,108.9,1.0,133747
2020-05-01,2567,1327,80.0,105.7,0.9,135134
2020-06-01,2580,1371,84.0,106.6,0.81,134204
2020-07-01,2517,1304,82.9,104.1,0.72,131231
2020-08-01,2443,1299,80.4,102.0,0.62,129735
2020-09-01,2383,1272,76.1,98.8,0.53,126022
2020-10-01,2345,1270,74.6,99.5,0.44,129497
2020-11-01,2567,1299,70.7,100.7,0.34,129376
2020-12-01,2431,1287,71.4,102.2,0.25,133914
2021-01-01,2525,1336,73.4,102.8,0.25,133968
2021-02-01,2645,1382,74.2,106.8,0.25,137480
2021-03-01,2734,1434,74.4,108.7,0.25,139643
2021-04-01,2755,1427,81.5,109.6,0.25,143901
2021-05-01,2783,1426,84.3,108.5,0.25,142335
2021-06-01,2755,1436,85.0,106.0,0.25,139487
2021-07-01,2662,1404,82.5,105.0,0.25,137608
2021-08-01,2550,1311,81.7,101.3,0.25,137784
2021-09-01,2587,1310,81.1,102.6,0.25,136552
2021-10-01,2451,1341,76.1,101.4,0.25,137664
2021-11-01,2522,1342,74.3,101.2,0.25,138138
2021-12-01,2547,1375,73.7,103.2,0.25,139329
2022-01-01,2636,1387,74.9,107.5,0.59,139779
2022-02-01,2678,1415,75.9,106.0,0.92,144689
2022-03-01,2736,1406,79.7,111.5,1.26,146165
2022-04-01,2722,1483,85.6,111.7,1.6,147212
2022-05-01,2781,1420,87.5,114.3,1.94,148559
2022-06-01,2617,1416,88.5,108.2,2.28,146293
2022-07-01,2612,1404,85.4,106.7,2.61,145652
2022-08-01,2564,1349,85.0,104.8,2.95,144328
2022-09-01,2588,1329,82.3,103.5,3.29,142243
2022-10-01,2467,1279,78.7,102.6,3.62,142703
2022-11-01,2519,1317,77.5,104.4,3.96,145066
2022-12-01,2406,1353,75.4,105.3,4.3,148738
2023-01-01,2478,1347,74.5,108.5,4.38,149407
2023-02-01,2627,1393,80.7,112.9,4.47,152029
2023-03-01,2624,1426,83.0,112.3,4.55,157014
2023-04-01,2664,1441,85.8,112.6,4.63,157243
2023-05-01,2721,1444,93.0,113.2,4.72,156780
2023-06-01,2664,1424,87.9,112.9,4.8,157342
2023-07-01,2527,1401,87.6,107.9,4.88,153250
2023-08-01,2573,1394,86.7,107.8,4.97,151565
2023-09-01,2487,1259,81.4,107.0,5.05,152088
2023-10-01,2427,1328,83.5,106.3,5.13,150083
2023-11-01,2412,1353,79.8,107.9,5.22,152003
2023-12-01,2493,1280,79.7,106.7,5.3,154261
2024-01-01,2657,1383,82.3,111.8,5.22,160021
2024-02-01,2705,1439,83.7,112.8,5.15,158644
2024-03-01,2667,1465,83.1,116.5,5.08,163115
2024-04-01,2800,1480,89.8,115.3,5.0,163515
2024-05-01,2793,1515,90.2,115.3,4.92,164541
2024-06-01,2884,1446,93.5,114.5,4.85,162283
2024-07-01,2669,1453,91.7,111.1,4.78,162838
2024-08-01,2607,1363,89.9,110.4,4.7,160182
2024-09-01,2610,1375,89.1,108.8,4.62,156730
2024-10-01,2688,1354,82.2,107.4,4.55,158589
2024-11-01,2664,1420,82.4,107.6,4.48,158383
2024-12-01,2700,1385,81.3,109.8,4.4,161409
2025-01-01,2737,1437,80.4,112.3,4.33,161982
2025-02-01,2887,1572,86.4,115.2,4.27,168486
2025-03-01,2972,1509,88.8,117.9,4.2,170722
2025-04-01,2994,1566,92.4,117.0,4.13,172429
2025-05-01,3039,1553,92.5,116.3,4.07,170601
2025-06-01,3010,1498,96.9,116.1,4.0,168527
2025-07-01,2919,1502,94.5,113.3,3.93,169301
2025-08-01,2924,1452,92.9,112.1,3.87,166618
2025-09-01,2886,1488,91.8,111.1,3.8,168069
2025-10-01,2806,1445,84.2,109.1,3.73,166075
2025-11-01,2714,1434,85.4,111.6,3.67,167434
2025-12-01,2893,1498,83.4,112.5,3.6,169844
